No,Category,Guideline,Description,Do,Don't,Code Good,Code Bad,Severity,Docs URL,Applies To,Status,Verified At
1,CSS Delivery,Inline CSS is Python strings in hdrs,"FastHTML renders page CSS from Python: Style() emits an unescaped <style> tag, so the stylesheet needs no compile step",Put the app's CSS in one Style() block passed to fast_app(hdrs=...),Reach for a CSS preprocessor or bundler to produce the app's stylesheet,"app, rt = fast_app(hdrs=(Style(""body { font-family: var(--font-body); }""),))",# app.scss -> app.css -> Link(...); the framework never asked for the file,Medium,https://www.fastht.ml/docs/tutorials/quickstart_for_web_devs.html#css-files-and-inline-styles,fasthtml 0.14.13,active,2026-10-01
2,CSS Delivery,Bring your own CSS with pico=False,"fast_app() injects PicoCSS by default and hdrs only ADD to the defaults, so supplying a stylesheet does not remove Pico",Pass pico=False (or default_hdrs=False) when the app ships its own base stylesheet,Assume passing hdrs replaces the injected base layer - it is appended after it,"app, rt = fast_app(pico=False, hdrs=(Link(rel=""stylesheet"", href=""/static/app.css""),))","app, rt = fast_app(hdrs=(Link(rel=""stylesheet"", href=""/static/app.css""),))  # pico.min.css still loads",High,https://www.fastht.ml/docs/tutorials/quickstart_for_web_devs.html#css-files-and-inline-styles,fasthtml 0.14.13,active,2026-10-01
3,CSS Delivery,Pin the versioned base stylesheet,"FastHTML's own base stylesheet link is an unpinned CDN URL at @latest (picocss in pico.py), so an upstream release can change base styles with no dependency bump on your app",Reference an exact version for any framework base layer the app keeps,Let a production base layer resolve to a floating latest tag,"PICO = Link(rel=""stylesheet"", href=""https://cdn.jsdelivr.net/npm/@picocss/pico@2/css/pico.min.css"")","Link(rel=""stylesheet"", href=""https://cdn.jsdelivr.net/npm/@picocss/pico@latest/css/pico.min.css"")",High,https://github.com/AnswerDotAI/fasthtml/blob/0.14.13/fasthtml/pico.py#L24,fasthtml 0.14.13,active,2026-10-01
4,CSS Delivery,Scope Pico with the conditional build,"picocondlink loads pico.conditional.min.css, which limits Pico's element styles to a class-scoped subtree instead of the whole document",Load picocondlink instead of picolink when hand-written tokens own most of the page,Keep the document-wide build and override its element rules one at a time,"from fasthtml.pico import picocondlink; app, rt = fast_app(pico=False, hdrs=(*picocondlink, css))","app, rt = fast_app(hdrs=(css,))  # document-wide Pico still wins on bare elements",Medium,https://www.fastht.ml/docs/api/pico.html,fasthtml 0.14.13,active,2026-10-01
5,Design Tokens,Declare tokens on :root once,"Custom properties are inherited, so one :root declaration reaches every element; scattering them across rules makes the cascade, not the token layer, decide the value",Declare every token in one :root block inside the app-level Style(),Redefine the same token inside a component rule so the cascade picks the winner,"Style("":root { --bg-primary: #ffffff; --text-primary: #111111; --space-4: 1rem; }"")",.card { --bg-primary: #f6f7f9; background: var(--bg-primary); }  # the token now depends on where the card sits,Medium,https://www.w3.org/TR/css-variables-1/#defining-variables,fasthtml 0.14.13,active,2026-10-01
6,Design Tokens,Keep the token block out of swapped fragments,"A swap replaces the target's innerHTML with the returned markup, so a partial handler that returns Style("":root {...}"") inserts another copy of the token layer into the page on every swap",Declare tokens once in hdrs and return only markup from fragment handlers,Re-emit the :root Style() from a handler an htmx swap inserts into the page,"def panel(ref: str): return Section(P(f""Renewal for {ref}""), id=""panel"")  # @rt handler","def panel(ref: str): return Style("":root { --bg-primary: #000; }""), Section(P(f""Renewal for {ref}""), id=""panel"")  # @rt handler",Medium,https://v2.htmx.org/docs/#swapping,fasthtml 0.14.13,active,2026-10-01
7,Dark Mode,Declare color-scheme per palette,"color-scheme tells the browser which palette to use for the parts it paints itself, including form controls and scrollbars",Declare color-scheme on :root in the light block and again in the dark block,Expect UA-drawn control chrome to follow your custom properties alone,"(Style("":root { color-scheme: light; --bg-primary: #fff; }""), Style(""@media (prefers-color-scheme: dark) { :root { color-scheme: dark; --bg-primary: #0b0d10; } }""))","Style("":root { --bg-primary: #0b0d10; }"")  # controls keep their light palette",High,https://www.w3.org/TR/css-color-adjust-1/#color-scheme-prop,fasthtml 0.14.13,active,2026-10-01
8,Forms,Give controls their own background and colour,"The used colour scheme supplies the browser's default colours for form controls, and in a default app the injected Pico build paints them from --pico-form-element-* instead, so an author palette that never reaches either leaves controls reading light-on-light in a dark theme","Set background and color on input, textarea and select from the same tokens as the page, or map those tokens onto --pico-form-element-*","Rely on colour inheritance, or on the framework palette, to reach form controls","input[type=text], input[type=email], textarea, select { background: var(--bg-primary); color: var(--text-primary); border-color: var(--border-color); }",body { color: var(--text-primary); }  # inputs keep the UA background and colour,Critical,https://www.w3.org/TR/css-color-adjust-1/#color-scheme-effect,fasthtml 0.14.13,active,2026-10-01
9,Dark Mode,Use dark_media for the dark palette,"dark_media() and light_media() wrap a CSS string in the matching prefers-color-scheme media query, so the block cannot be mis-typed",Build the dark token overrides with dark_media() and pass the result in hdrs,Hand-write a duplicate media query per theme block,"from fasthtml.js import dark_media; app, rt = fast_app(hdrs=(light, dark_media("":root { --bg-primary: #0b0d10; --text-primary: #f5f7fa; }"")))","Style(""@media (prefers-color-scheme:dark){ :root { --bg-primary: #0b0d10; }"")  # restated per block",Medium,https://www.fastht.ml/docs/api/js.html#dark_media,fasthtml 0.14.13,active,2026-10-01
10,Security,Nonce inline Style and Script,"A nonce-based CSP rejects un-nonce'd inline content, and FT tags pass an unknown attribute straight through, so Style() and Script() can carry the request nonce",Pass the per-response nonce as nonce= on every inline Style() and Script(),Ship style-src 'unsafe-inline' to make inline CSS load,"Style(css_text, nonce=request.ctx[""csp_nonce""])",Style(css_text)  # dropped by a style-src nonce policy,Critical,https://www.w3.org/TR/CSP3/,fasthtml 0.14.13,active,2026-10-01
11,Security,Nonce htmx's injected indicator styles,"htmx writes its swap-indicator CSS as an inline style tag, so a nonce-based style-src policy needs htmx.config.inlineStyleNonce","Set inlineStyleNonce to the response nonce, or includeIndicatorStyles to false and write the indicator CSS yourself",Wonder why .htmx-indicator is visible when the injected style tag was blocked,"Script(f'htmx.config.inlineStyleNonce = ""{request.ctx[""csp_nonce""]}"";')",(nothing) - htmx's inline <style> is rejected and the indicator never fades in,High,https://v2.htmx.org/attributes/hx-indicator/,fasthtml 0.14.13,active,2026-10-01
12,Security,Never interpolate data into Script or Style,"Script() and Style() write their contents without escaping, so any value interpolated into them executes or renders verbatim",Pass only developer-authored literals to Script() and Style(),f-string a request value into a Script() or Style() body,"Script(""document.body.classList.add('js-ready');"")","Script(f""init({request.query_params['q']});"")",Critical,https://www.fastht.ml/docs/api/xtend.html#script,fasthtml 0.14.13,active,2026-10-01
13,Composition,"FT tags are function calls, not markup",Tags are Python functions: children go in positionally and attributes arrive as keyword arguments,Build every element with an FT function so FastHTML renders and escapes it,Concatenate HTML strings and hand them to the response,"Div(Main(P(""Renewal due 14 May""), cls=""policy-body""), cls=""policy-card"")","Div(""<div class=\""policy-body\""><p>Renewal due 14 May</p></div>"", cls=""policy-card"")",High,https://www.fastht.ml/docs/ref/concise_guide.html#fasttags-aka-ft-components-or-fts,fasthtml 0.14.13,active,2026-10-01
14,Composition,Attribute names use the FT aliases,"Named parameters become attributes, and aliases must be used for Python reserved words: cls becomes class, _for or fr becomes for; _fix_k strips leading underscores and turns remaining ones into hyphens, so data_id is data-id and aria_busy is aria-busy","Use cls, _for or fr, data_*, aria_*, and unpack a dict for names with special characters","Pass class= or for= as keyword arguments, or expect a trailing underscore to be stripped","Label(""Email"", Input(id=""email""), _for=""email"", data_field=""email"", aria_busy=""false"")","Label(""Email"", Input(id=""email""), class=""label"", for=""email"", @click=""go()"")",Medium,https://www.fastht.ml/docs/ref/concise_guide.html#fasttags-aka-ft-components-or-fts,fasthtml 0.14.13,active,2026-10-01
15,Composition,Booleans render or omit the attribute,"True emits the bare attribute and False or None omits it, which is how disabled, required and open should be driven from state",Drive boolean HTML attributes from a Python bool,"Pass the strings ""false"" or ""no"", which both render the attribute","Button(""Submit"", type=""submit"", disabled=not form.is_valid)","Button(""Submit"", type=""submit"", disabled=""false"")  # still renders disabled",Medium,https://www.fastht.ml/docs/ref/concise_guide.html#fasttags-aka-ft-components-or-fts,fasthtml 0.14.13,active,2026-10-01
16,Composition,Text is escaped; Safe opts out,FT rendering escapes strings by default and Safe or NotStr passes trusted markup through unescaped,Wrap already-sanitised markup in Safe() at the point it enters the tree,"Pass raw user HTML into a tag because it ""looks like markup""",Div(Safe(sanitise(article.body_html))),"Div(NotStr(request.form[""bio""]))",Critical,https://www.fastht.ml/docs/ref/concise_guide.html#fasttag-rendering-rules,fasthtml 0.14.13,active,2026-10-01
17,Composition,Only a lone generator child is expanded,"A lone generator, map or filter child is expanded for you; a list, a range, or a generator beside any sibling is not, and renders its repr into the page","Pass map(fn, items) as the only child, or star-unpack a list you already built","Pass a list or range as a single child, or put a generator next to another child","Ul(map(row_item, rows), cls=""policy-list"")","Ul([Li(row.title) for row in rows], cls=""policy-list"")  # the list renders as a repr",Low,https://www.fastht.ml/docs/ref/best_practice.html#fasthtml-handles-iterables,fasthtml 0.14.13,active,2026-10-01
18,Composition,Components are plain functions returning FT,"A component is a function that returns an FT element or tuple; there is no component class, lifecycle or hook system",Write components as functions taking data and returning FT,"Look for a component lifecycle, props object or reactivity runtime","def status_badge(state: str) -> FT: return Span(state.title(), cls=f""badge badge--{state}"")","class StatusBadge: render = lambda self, state: Span(state)  # FastHTML looks for __ft__, never render",Medium,https://www.fastht.ml/docs/tutorials/quickstart_for_web_devs.html#defining-new-ft-components,fasthtml 0.14.13,active,2026-10-01
19,Composition,Pass through attrs and kwargs,"A wrapper component forwards *args and **kwargs so callers can still add cls, id and hx_* attributes",Accept *args and **kwargs in wrapper components and forward them to the inner tag,Freeze a wrapper's signature so callers cannot retarget a swap,"def Panel(*args, **kwargs): return Section(*args, cls=""panel"", **kwargs)","def Panel(title): return Section(H2(title), cls=""panel"")  # no id, no hx-*",Low,https://www.fastht.ml/docs/tutorials/quickstart_for_web_devs.html#pass-through-components,fasthtml 0.14.13,active,2026-10-01
20,Composition,Dataclasses render via __ft__,"Any object with an __ft__ method renders, so a dataclass can be a component with state",Give a dataclass an __ft__ method when it owns its own markup,Thread eight positional arguments through a component that describes a record,def __ft__(self): return Li(self.ref)  # on a @dataclass component; FastHTML calls it,"def quote_item(ref, status, date, total, currency, owner, due, notes): ...",Low,https://www.fastht.ml/docs/tutorials/quickstart_for_web_devs.html#dataclasses-as-ft-components,fasthtml 0.14.13,active,2026-10-01
21,Composition,Route functions double as URLs,"A route function used as an attribute value becomes its URL, so the link cannot drift from the route","Pass the route function itself, or route.to(param=...), into href and hx_* attributes",Hand-write the path string and hope it still matches the handler,"A(""Open"", href=quote_detail.to(ref=q.ref), hx_get=quote_detail.to(ref=q.ref))","A(""Open"", href=f""/quote_detail?ref={q.ref}"")",High,https://www.fastht.ml/docs/ref/best_practice.html#use-.to-for-url-generation,fasthtml 0.14.13,active,2026-10-01
22,Routing,Mutations go over POST,"FastHTML routes handle GET and POST by default, so a mutation should be posted rather than sent with a verb the router does not bind","Use hx_post= or Form(method=""post"") for anything that changes state",Write hx_delete= or hx_patch= against the default route registration,"Button(""Withdraw"", hx_post=withdraw.to(ref=q.ref), hx_target=""#drawer"")","Button(""Withdraw"", hx_delete=f""/withdraw?ref={q.ref}"")",High,https://www.fastht.ml/docs/ref/best_practice.html#use-post-for-all-mutations,fasthtml 0.14.13,active,2026-10-01
23,Routing,Query parameters over path parameters,"Idiomatic FastHTML puts a handler's arguments in the query string, which is what route.to() generates",Declare handler parameters and let FastHTML bind them from the query string,Define /quote/{ref} paths for an internal htmx endpoint,def quote_detail(ref: str): ...  # bare @rt derives /quote/{ref} from the signature,"def quote_detail(ref: str): ...  # @rt(""/quote/{ref}"") hardcodes a URL the signature already states",Low,https://www.fastht.ml/docs/ref/best_practice.html#query-parameters-over-path-parameters,fasthtml 0.14.13,active,2026-10-01
24,Performance,"Return the fragment, not the page","A handler returns what the swap receives: Titled() is a Title plus a Main container, so returning it into a swap region puts a second main and a stray title element inside the page",Return the smallest FT fragment the swap region needs,Return Titled(...) from an htmx fragment handler,"def quotes_page(page: int): return Section(quotes_table(page), id=""quotes"")  # @rt handler","def quotes_page(page: int): return Titled(""Quotes"", quotes_table(page))  # a second main and a title land inside the swap region",Medium,https://github.com/AnswerDotAI/fasthtml/blob/0.14.13/fasthtml/xtend.py#L190,fasthtml 0.14.13,active,2026-10-01
25,Forms,Label wraps the control it names,"Every control needs a visible, programmatic label; FastHTML's documented pattern nests the control inside Label","Build the field as Label(text, control) inside a Fieldset",Rely on a placeholder or a caption image to name a field,"Fieldset(Label(""Email"", Input(type=""email"", name=""email"", id=""email"")))","Input(type=""email"", placeholder=""Email address"")",Critical,https://www.fastht.ml/docs/tutorials/quickstart_for_web_devs.html#forms,fasthtml 0.14.13,active,2026-10-01
26,Forms,Group related fields in a Fieldset,"Related controls belong in one Fieldset so their shared legend is exposed with each control, which is what the framework's own form pattern does",Wrap a field group in Fieldset with a Legend for the group,Use a styled Div as a visual group with no legend,"Fieldset(Legend(""Card details""), Label(""Number"", Input(name=""pan"")), Label(""Expiry"", Input(name=""expiry"")))","Div(H3(""Card details""), Input(name=""pan""), Input(name=""expiry""), cls=""form-section"")  # visually grouped, semantically nothing",High,https://www.w3.org/WAI/tutorials/forms/grouping/,fasthtml 0.14.13,active,2026-10-01
27,Forms,Submit buttons declare type=submit,"FastHTML's documented form pattern declares the submitting control explicitly, so the form's submit action is visible in the source rather than inferred","Write Button(""Save"", type=""submit"") as the form's submit control",Leave the form with no declared submit control,"Form(Label(""Name"", Input(name=""name"")), Button(""Save"", type=""submit""), method=""post"")","Form(Label(""Name"", Input(name=""name"")), Button(""Save""))",Medium,https://www.fastht.ml/docs/tutorials/quickstart_for_web_devs.html#forms,fasthtml 0.14.13,active,2026-10-01
28,Forms,Repopulate a rejected form with fill_form,"fill_form(form, obj) copies the submitted or stored values back into matching controls so a failed round-trip is not typed twice",Call fill_form on the form before returning it after a validation failure,Return a blank form and make the user re-enter everything,"return fill_form(quote_form(), submitted) if errors else RedirectResponse(""/quotes"", status_code=303)","if errors: return quote_form(), errors_view(errors)  # every field is empty",High,https://www.fastht.ml/docs/api/components.html#fill_form,fasthtml 0.14.13,active,2026-10-01
29,Forms,CheckboxX carries its own hidden field,"CheckboxX emits a Hidden with the same name before the checkbox, so an unticked box still submits a value",Use CheckboxX for a preference that must arrive in the POST body either way,Hand-roll a bare Checkbox and then wonder why unticked boxes are absent from the form data,"CheckboxX(id=""marketing"", label=""Email me renewals"", value=""yes"")","Checkbox(id=""marketing"", value=""yes"")  # absent from the body when unticked",Medium,https://www.fastht.ml/docs/api/xtend.html#checkboxx,fasthtml 0.14.13,active,2026-10-01
30,Validation,Validate the payload in the handler signature,A type-annotated dataclass parameter makes FastHTML validate the posted fields before your body runs,Declare the expected shape as a dataclass and take it as the handler parameter,Trust request.form[...] strings and validate them ad hoc inside the handler,class Profile: email: str; age: int  # a @dataclass; the handler takes profile: Profile,"def post(req: Request): age = int(req.form[""age""])  # ValueError on bad input",High,https://www.fastht.ml/docs/tutorials/quickstart_for_web_devs.html#forms-with-views,fasthtml 0.14.13,active,2026-10-01
31,Validation,Close a successful POST with a redirect,RedirectResponse with 303 turns the POST into a GET so a reload does not resubmit the mutation,"Return RedirectResponse(url=..., status_code=303) after a mutation succeeds",Render the success page directly from the POST handler,"login_redir = RedirectResponse(""/login"", status_code=303)","return Titled(""Saved"", P(""Your quote was saved""))  # reload re-posts",Medium,https://www.fastht.ml/docs/tutorials/quickstart_for_web_devs.html#authentication-and-authorization,fasthtml 0.14.13,active,2026-10-01
32,Validation,Name the field that failed,An error message must identify the field in error and sit where the person reading the form will find it,Render each message next to its field and repeat the field name in the text,"Return only a generic ""the form has errors"" banner after a server round-trip","Fieldset(Label(""Expiry"", Input(name=""expiry"", aria_invalid=""true"", aria_describedby=""expiry-error"")), P(""Expiry must be MM/YY"", id=""expiry-error"", cls=""field-error""))","P(""There were problems with your submission."", cls=""error"")",High,https://www.w3.org/WAI/WCAG22/Understanding/error-identification.html,fasthtml 0.14.13,active,2026-10-01
33,Validation,Mark the rejected control aria-invalid,"aria-invalid on the control tells assistive technology the value was rejected, which the styled colour alone does not","Set aria_invalid=""true"" on a control that failed server validation and point aria_describedby at the message",Signal the failure only with red border styling,"Input(name=""expiry"", aria_invalid=""true"", aria_describedby=""expiry-error"")","Input(name=""expiry"", cls=""is-invalid"")  # colour only",High,https://www.w3.org/TR/wai-aria-1.1/#aria-invalid,fasthtml 0.14.13,active,2026-10-01
34,Validation,Keep native field reporting under htmx,htmx suppresses the browser's own invalid-field reporting by default; reportValidityOfForms restores it so a bad field is announced and focused,Set htmx.config.reportValidityOfForms to true in an app-level script or config,Debug an AJAX form that silently does nothing when a field is invalid,Script('htmx.config.reportValidityOfForms = true;'),(left at the default) - an invalid field blocks the request with no message,Medium,https://v2.htmx.org/docs/#validation,fasthtml 0.14.13,active,2026-10-01
35,Validation,Turn validation on for non-form elements,Non-form elements do not validate before a request unless hx-validate is set on them,"Set hx_validate=""true"" on a validating element that is not inside a form",Assume a contenteditable or custom widget is validated before its hx-post fires,"Div(hx_post=save.to(), hx_validate=""true"", hx_target=""#out"", contenteditable=""true"")","Div(hx_post=save.to(), hx_target=""#out"", contenteditable=""true"")  # never validated",Low,https://v2.htmx.org/docs/#validation,fasthtml 0.14.13,active,2026-10-01
36,Feedback,Toasts need setup and a session argument,"The built-in toaster requires setup_toasts(app) once and an add_toast call that receives the session, so the handler must take session","Call setup_toasts(app) at startup and add_toast(session, message, typ) inside a handler that accepts session","Call add_toast without a session parameter on the handler, or rely on a JS alert() instead","def save(session, ref: str): add_toast(session, ""Quote saved"", typ=""success"")  # with setup_toasts(app, duration=5000) at startup","def save(ref: str): add_toast(None, ""Quote saved"")  # no session in scope",Medium,https://www.fastht.ml/docs/ref/concise_guide.html#toasts,fasthtml 0.14.13,active,2026-10-01
37,Forms,Confirm a destructive action before it fires,"hx_confirm asks for confirmation before the request is issued, which is the cheap guard on an irreversible POST","Set hx_confirm on a destructive button, and keep the message specific about what is lost","Ship a delete control with no confirmation, or one that only says ""Are you sure?""","Button(""Delete quote"", hx_post=drop.to(ref=q.ref), hx_confirm=""Delete quote "" + q.ref + ""? This cannot be undone."")","Button(""Delete"", hx_post=drop.to(ref=q.ref))",Medium,https://v2.htmx.org/attributes/hx-confirm/,fasthtml 0.14.13,active,2026-10-01
38,HTMX,Name the swap strategy the response needs,"htmx defaults to innerHTML, so a response meant to replace its own trigger nests inside it unless outerHTML is declared","Declare hx_swap=""outerHTML"" when the response replaces the element that made the request",Rely on the default swap when the response and the trigger are the same element,"Button(""Approve"", hx_post=approve.to(ref=q.ref), hx_swap=""outerHTML"")","Button(""Approve"", hx_post=approve.to(ref=q.ref))  # the new button lands inside this one",High,https://v2.htmx.org/attributes/hx-swap/,fasthtml 0.14.13,active,2026-10-01
39,HTMX,"Swap into a named region, not the trigger","hx_target sends the response elsewhere, and a FastHTML tag passed as the value resolves to its own id selector",Give the receiving region an id and point hx_target or target_id at it,Let the response overwrite the button or row that triggered it,"(Div(id=""panel"", hx_get=panel.to(ref=q.ref), hx_target=""#detail""), Section(id=""detail""))","Div(id=""panel"", hx_get=panel.to(ref=q.ref))  # swaps the panel away with its own trigger",Medium,https://www.fastht.ml/docs/api/components.html#ft_hx,fasthtml 0.14.13,active,2026-10-01
40,HTMX,Out-of-band updates need an id and a swap flag,A response fragment with hx_swap_oob replaces the element with the same id elsewhere in the page instead of landing in the target,"Match the id of the region to update and set hx_swap_oob=""true"" on the fragment",Expect a second region to refresh from a plain fragment response,"def save(ref: str): return Div(""Saved"", id=""alerts"", hx_swap_oob=""true""), status_row(ref)  # @rt handler",def save(ref: str): return status_row(ref)  # the alerts region never changes,Medium,https://v2.htmx.org/attributes/hx-swap-oob/,fasthtml 0.14.13,active,2026-10-01
41,HTMX,Disable the trigger while its request runs,"hx-disabled-elt adds the disabled attribute for the duration of the request, which is what stops a double submit","Set hx_disabled_elt=""this"" on a submit control, or on the form's submit button",Let a slow round-trip invite a second click that runs the mutation twice,"Button(""Submit claim"", type=""submit"", hx_post=submit.to(), hx_disabled_elt=""this"")","Button(""Submit claim"", type=""submit"", hx_post=submit.to())  # two clicks, two claims",High,https://v2.htmx.org/attributes/hx-disabled-elt/,fasthtml 0.14.13,active,2026-10-01
42,HTMX,Include the values the handler actually needs,"hx-include adds extra element values to a request, so a fragment handler does not have to re-read the whole form",Name the extra fields with hx_include or hx_vals instead of re-deriving them server-side,Rebuild form state from a session cache when the values are already in the DOM,"Button(""Preview"", hx_get=preview.to(), hx_include=""#claim-form"")","Button(""Preview"", hx_get=preview.to())  # sends nothing from the form",Medium,https://v2.htmx.org/attributes/hx-include/,fasthtml 0.14.13,active,2026-10-01
43,HTMX,Boost the shell instead of rewriting every link,hx-boost turns ordinary anchors and forms inside a container into AJAX requests while leaving plain hrefs working without script,"Put hx_boost=""true"" on the container that owns the navigation and keep the href values real",Rewrite every nav link as an hx-get handler just to avoid a reload,"Nav(A(""Claims"", href=""/claims""), A(""Renewals"", href=""/renewals""), hx_boost=""true"")","Nav(A(""Claims"", hx_get=claims, hx_target=""body"", hx_swap=""innerHTML""))",Medium,https://v2.htmx.org/attributes/hx-boost/,fasthtml 0.14.13,active,2026-10-01
44,HTMX,Preserve a live element across a swap,"hx-preserve keeps an element unchanged during a replacement, matched by its id, so state inside it survives",Set hx_preserve on an element whose live state must outlast the swap and keep its id stable,Assume a partially filled field survives when its ancestor region is swapped wholesale,"Textarea(name=""notes"", id=""notes"", hx_preserve=""true"")","Textarea(name=""notes"", id=""notes"")  # draft text is lost when the panel is re-rendered",Medium,https://v2.htmx.org/attributes/hx-preserve/,fasthtml 0.14.13,active,2026-10-01
45,Feedback,Drive the spinner from the request class,htmx adds htmx-request to the indicator element for the duration of the request and ships the .htmx-indicator CSS that fades it in,Mark the spinner with class htmx-indicator and name it with hx_indicator,Hand-write a show/hide script for each request or leave a spinner permanently visible,"(Button(""Load"", hx_get=rows.to(), hx_indicator=""#rows-spinner"", hx_target=""#rows""), Span(""Loading rows"", cls=""htmx-indicator"", id=""rows-spinner""))","Span(""Loading rows"", cls=""spinner"", id=""rows-spinner"")  # never toggled by the request",High,https://v2.htmx.org/attributes/hx-indicator/,fasthtml 0.14.13,active,2026-10-01
46,Feedback,Hide idle indicators from assistive tech,htmx's generated indicator CSS uses visibility:hidden rather than opacity alone so an idle spinner is not announced,Let htmx's own indicator CSS hide the idle state instead of overriding it with opacity alone,"Override .htmx-indicator with only opacity so screen readers keep reading a hidden ""Loading""",".htmx-indicator { visibility: hidden; opacity: 0; } .htmx-request .htmx-indicator, .htmx-request.htmx-indicator { visibility: visible; opacity: 1; }",.htmx-indicator { opacity: 0; }  # still in the accessibility tree,Medium,https://v2.htmx.org/attributes/hx-indicator/,fasthtml 0.14.13,active,2026-10-01
47,Accessibility,Set aria-busy while a region is stale,htmx toggles its own CSS classes only; FastHTML's PicoBusy() is the documented helper that sets aria-busy on the element behind a request,"Add PicoBusy() to the app's hdrs, or set aria-busy yourself on the swapping region between request start and finish",Assist that a busy region is announced automatically because htmx added a class to it,"from fasthtml.pico import PicoBusy; app, rt = fast_app(pico=False, hdrs=(css, PicoBusy()))","Div(id=""rows"", hx_get=rows.to())  # nothing tells a screen reader the rows are stale",High,https://www.fastht.ml/docs/api/pico.html#picobusy,fasthtml 0.14.13,active,2026-10-01
48,Feedback,Announce the result in a status region,"A swapped message is silent unless it lands in a live region, so the confirmation a sighted user sees is missed entirely","Swap results into a region marked role=""status"" with aria-live=""polite""",Rely on a colour change in a swapped fragment to communicate success or failure,"Div(id=""alerts"", role=""status"", aria_live=""polite"")  # an out-of-band fragment swaps the result in","Div(id=""alerts"")  # the swapped ""Saved"" text is never announced",High,https://www.w3.org/WAI/WCAG22/Understanding/status-messages.html,fasthtml 0.14.13,active,2026-10-01
49,Accessibility,Scroll the kept focus into view on purpose,htmx preserves focus on an identified input between requests but does not scroll to it unless the swap asks for it,Add focus-scroll:true to hx_swap when the preserved field may have moved off screen,Leave a keyboard user focused on an input that a swap has scrolled out of view,"Input(id=""expiry"", hx_get=validate.to(), hx_swap=""outerHTML focus-scroll:true"")","Input(id=""expiry"", hx_get=validate.to(), hx_swap=""outerHTML"")  # focused, invisible",High,https://v2.htmx.org/attributes/hx-swap/,fasthtml 0.14.13,active,2026-10-01
50,Accessibility,Gate htmx's state classes behind reduced motion,"htmx marks new content with htmx-added and the target with htmx-settling, which is where a transition belongs - and where it must stop",Put the transition inside a prefers-reduced-motion: no-preference block so the reduced-motion branch has none,Animate htmx-added or htmx-settling unconditionally,"@media (prefers-reduced-motion: no-preference) { .htmx-settling { opacity: 0.4; } .htmx-settling, .htmx-added { transition: opacity 150ms ease; } }",".htmx-settling, .htmx-added { transition: opacity 150ms ease; }  # always animates",High,https://www.w3.org/TR/mediaqueries-5/#prefers-reduced-motion,fasthtml 0.14.13,active,2026-10-01
51,Security,Turn off htmx's eval features under a strict CSP,"hx-on attributes, event filters and js:-prefixed hx-vals all run through eval, which htmx.config.allowEval switches off",Set htmx.config.allowEval to false and keep behaviour in handlers or in a nonce'd script,"Ship inline hx-on handlers to satisfy a policy that forbids eval, then debug why nothing fires",Script('htmx.config.allowEval = false;'),"Button(""Approve"", hx_post=approve.to(), hx_on__after_request=""toast('done')"")  # blocked without unsafe-eval",Medium,https://v2.htmx.org/docs/#configuration-options,fasthtml 0.14.13,active,2026-10-01
52,Layout,Keep the flex chain unbroken to the footer,"Each in-flow child of a flex container becomes a flex item, so a wrapper inserted between the flex body and the content is what grows, and the footer is no longer pushed down","Make the direct children of the flex body grow, or make the wrapper a flex column that grows too",Add a plain Div around main and footer and expect min-height on body to hold the footer down,body { min-height:100dvh; display:flex; flex-direction:column; } .page { flex:1 1 auto; display:flex; flex-direction:column; } .page > main { flex:1 1 auto; },"body { min-height:100dvh; display:flex; flex-direction:column; }  # Div(cls=""page"") between body and main",High,https://www.w3.org/TR/css-flexbox-1/#flex-items,fasthtml 0.14.13,active,2026-10-01
53,Layout,Release the automatic minimum size to stop overflow,"A flex item's automatic minimum size keeps it from shrinking below its content, which is why a long policy reference pushes a panel out of its column",Set min-width:0 (or min-height:0 on a column) on the flex item that must be allowed to shrink,Reach for overflow:hidden on the page shell to hide the resulting horizontal scroll,.policy-row { display:flex; gap:var(--space-4); } .policy-row > .reference { flex:1 1 auto; min-width:0; },.policy-row > .reference { flex:1 1 auto; }  # long reference text widens the row,Medium,https://www.w3.org/TR/css-flexbox-1/#min-size-auto,fasthtml 0.14.13,active,2026-10-01
54,Layout,Cap the measure on the text column,Body copy needs a bounded measure; ch units tie it to the current font instead of a fixed pixel width,Cap reading columns with a max-width in ch declared as a token,Let a swapped-in panel stretch body copy across the whole viewport,:root { --measure: 68ch; } .prose { max-width: var(--measure); },.prose { max-width: 100%; }  # 120 characters per line on a desktop viewport,Medium,https://www.w3.org/TR/css-values-4/#ch,fasthtml 0.14.13,active,2026-10-01
55,Typography,Scale type from the root with relative units,"rem sizes follow the user's root font size, so a token type scale survives a browser or OS text-size change",Declare the type scale in rem on top of a token layer and never set a root font size below the user's default,Hard-code px font sizes on components so they ignore the user's setting,:root { font-size: 100%; --text-body: 1rem; --text-h3: 1.25rem; --leading-body: 1.6; } body { font-size: var(--text-body); line-height: var(--leading-body); },body { font-size: 16px; } .card h3 { font-size: 20px; },Medium,https://www.w3.org/TR/css-values-4/#font-relative-lengths,fasthtml 0.14.13,active,2026-10-01
56,Accessibility,Leave the user's text spacing intact,The stylesheet must not block spacing changes a person makes through their own software,Use relative line height and letter spacing so user spacing overrides still take effect,"Fix line-height or letter-spacing in px, or set text to a fixed height box",p { line-height: var(--leading-body); },p { line-height: 24px; } .card { height: 96px; overflow: hidden; },Medium,https://www.w3.org/WAI/WCAG22/Understanding/text-spacing.html,fasthtml 0.14.13,active,2026-10-01
57,Accessibility,Never cap pinch zoom in the viewport tag,A maximum-scale or user-scalable setting stops a person magnifying the page; FastHTML's default viewport tag does not set one,"Keep the framework's viewport meta or write content=""width=device-width, initial-scale=1""","Add maximum-scale=1 or user-scalable=no to a custom Meta(name=""viewport"")","Meta(name=""viewport"", content=""width=device-width, initial-scale=1"")","Meta(name=""viewport"", content=""width=device-width, initial-scale=1, maximum-scale=1, user-scalable=no"")",High,https://www.w3.org/WAI/WCAG22/Understanding/resize-text.html,fasthtml 0.14.13,active,2026-10-01
58,Accessibility,Put a skip link ahead of the repeated navigation,"Content that repeats on every page needs a mechanism to bypass it, and the link must come first in the tab order",Emit a skip link as the first focusable element pointing at the main region's id,Make a keyboard user tab through the whole nav to reach the console,"(A(""Skip to main content"", href=""#main"", cls=""skip-link""), Main(""Claims table"", id=""main"", cls=""dashboard""))","Nav(...)  # first in the DOM, and every page repeats it",Medium,https://www.w3.org/WAI/WCAG22/Understanding/bypass-blocks.html,fasthtml 0.14.13,active,2026-10-01
59,Accessibility,Give the focus indicator enough contrast,A focus indicator needs contrast against the colours on either side of it or keyboard users cannot see where they are,Declare a focus-ring token that holds up on both surfaces and set outline-offset so it is not clipped,"Ship outline: 1px solid rgba(0,0,0,0.25) as the only focus state",:focus-visible { outline: 3px solid var(--focus-ring); outline-offset: 2px; },":focus { outline: 1px solid rgba(0,0,0,0.25); }",High,https://www.w3.org/WAI/WCAG22/Understanding/focus-appearance.html,fasthtml 0.14.13,active,2026-10-01
60,Accessibility,Keep non-text UI visible in both themes,"Borders, icons and control boundaries that carry information need contrast against their own background in every palette","Check border, icon and focus-ring tokens against the surface they sit on, not just the text pair",Reuse one border token for the light and dark palette without re-checking contrast,@media (prefers-color-scheme: dark) { :root { --surface: #0b0d10; --border: #3a4250; --text: #f5f7fa; } },:root { --border: #e3e6ea; }  # the same light border on a dark surface,Medium,https://www.w3.org/WAI/WCAG22/Understanding/non-text-contrast.html,fasthtml 0.14.13,active,2026-10-01
61,Accessibility,Hold pointer targets at 24 by 24 CSS pixels,"Small hit areas - an icon-only clear button, a table-row delete link - fail the minimum target size unless spacing is used",Give compact controls a 24 by 24 hit area through padding or min-inline-size tokens,Ship an icon-only button whose glyph size is the hit area,.icon-button { min-inline-size: 24px; min-block-size: 24px; padding: 6px; },.icon-button { padding: 0; font-size: 12px; },Medium,https://www.w3.org/WAI/WCAG22/Understanding/target-size-minimum.html,fasthtml 0.14.13,active,2026-10-01
62,Colour,Hold body text at 4.5 to 1,"Body text and its background must clear the contrast minimum in every palette the app ships, including swapped fragments","Pair each text token with the surface it renders on and check the pair, not the hex",Judge contrast on the light palette alone and let the dark block drift,Light #1b1d21 on #ffffff; dark #f5f7fa on #0b0d10,"#8a919c body copy on #f4f5f7, a 2.91:1 pairing",Critical,https://www.w3.org/WAI/WCAG22/Understanding/contrast-minimum.html,fasthtml 0.14.13,active,2026-10-01
63,Accessibility,Keep focus order sensible after a swap,"Focus must still move in a meaningful order when htmx replaces a region, or the keyboard lands somewhere unexpected",Swap the smallest region that changed and leave the focused control in place,Re-render the entire page body on every interaction and drop focus to the document root,"Div(id=""quotes"", hx_get=quotes_page.to(page=2), hx_target=""#quotes"", hx_swap=""innerHTML"")","Div(hx_get=quotes_page.to(page=2), hx_target=""body"", hx_swap=""innerHTML"")",Medium,https://www.w3.org/WAI/WCAG22/Understanding/focus-order.html,fasthtml 0.14.13,active,2026-10-01
64,HTMX,Check which htmx build the app loads,"The default head injects a pinned htmx 2.0.7 script and htmx4=True swaps in the 4.x build, so attribute semantics and generated classes depend on which one shipped","Read the injected script src, or the fast_app flag, before applying an attribute recipe from a versioned htmx reference",Assume the pinned build tracks whichever htmx docs page you last read,"app, rt = fast_app()  # hdrs carry https://cdn.jsdelivr.net/npm/htmx.org@2.0.7/dist/htmx.js","app, rt = fast_app()  # written against the htmx 4 reference, shipped on the default 2.0.7 build",High,https://github.com/AnswerDotAI/fasthtml/blob/0.14.13/fasthtml/core.py#L567,fasthtml 0.14.13,active,2026-10-01
65,CSS Delivery,Only fast_app injects the base stylesheet,"The base stylesheet is added by the fast_app helper, so an app built from FastHTML() directly and served with serve() gets no base CSS at all","Build the app with fast_app when you want the default base layer, or add the stylesheet link yourself",Compare an app that uses FastHTML() with one that uses fast_app() and conclude the styles are unreliable,"app, rt = fast_app(pico=False, hdrs=(css,))  # without fast_app: FastHTML(hdrs=(Link(rel=""stylesheet"", href=""/css/pico.min.css""), css))","app = FastHTML(); serve(app=app)  # no base stylesheet, so every unstyled default shows",Medium,https://github.com/AnswerDotAI/fasthtml/blob/0.14.13/fasthtml/fastapp.py#L68,fasthtml 0.14.13,active,2026-10-01
